{"statistics":{"mapped_reads":100853,"mapped_reads_percentage":0.998,"forward_strands":50669,"forward_strands_percentage":0.5014,"proper_pairs":99837,"proper_pairs_percentage":0.988,"singletons":204,"singletons_percentage":0.002019,"both_mates_mapped":100649,"both_mates_mapped_percentage":0.996,"duplicates":466,"duplicates_percentage":0.004611,"failed_qc":0,"first_mates":50503,"last_read_position":30690043,"paired_end_reads":101054,"reverse_strands":50385,"second_mates":50551,"total_reads":101054},"histograms":{"coverage_hist":{"11":0.00004738937214347396,"12":0.000010530971587438657,"13":0.000015796457381157985,"14":0.000005265485793719329,"16":0.00005265485793719329,"17":0.00004212388634975463,"18":0.00007898228690578993,"19":0.00005792034373091262,"20":0.00006318582952463194,"21":0.0000737168011120706,"22":0.00009477874428694792,"23":0.00015269908801786053,"24":0.00020008846016133448,"25":0.00032646011921059836,"26":0.00038964594873523034,"27":0.0006318582952463195,"28":0.0007161060679458286,"29":0.0009425219570757598,"30":0.0010688936161250236,"31":0.001168937846205691,"32":0.0016059731670843953,"33":0.002469512837254365,"34":0.003654247140841214,"35":0.005402388424356031,"36":0.006197476779207649,"37":0.007640219886686746,"38":0.009061901050990964,"39":0.010420396385770551,"40":0.01277933402135681,"41":0.01677583773878978,"42":0.01929800543398134,"43":0.021999199646159356,"44":0.026627561658838644,"45":0.02861791528886455,"46":0.03145074664588555,"47":0.034983887613471217,"48":0.036637250152699086,"49":0.03946481602392637,"50":0.042397691611028035,"51":0.04290317824722509,"52":0.04422481518144864,"53":0.044051054150255904,"54":0.045346363655510855,"55":0.04463025758756503,"56":0.043403399397628425,"57":0.042313443838328524,"58":0.04032309020830262,"59":0.03761663051033088,"60":0.03462056909370458,"61":0.03180879967985847,"62":0.027491101329008616,"63":0.025606057414857095,"64":0.022367783651719708,"65":0.01883464268413404,"66":0.01662313865077192,"67":0.014100970955580362,"68":0.011720971376819225,"69":0.009446281513932476,"70":0.007877166747404116,"71":0.006839866046041408,"72":0.005260220307925609,"73":0.004344025779818446,"74":0.0031645569620253164,"75":0.002358937635586259,"76":0.0017902651698645717,"77":0.0016849554539901852,"78":0.0012373891615240422,"79":0.001042566187156427,"80":0.0007792918974704607,"81":0.0005949998946902841,"82":0.00047389372143473956,"83":0.0004423008066724236,"84":0.00036331851976663366,"85":0.00025274331809852776,"86":0.00018955748857389583,"87":0.00012637165904926388,"88":0.0000368584005560353,"89":0.000026327428968596644,"90":0.00004212388634975463,"92":0.000015796457381157985},"frag_hist":{"1":19,"12":1,"29":1,"44":1,"46":1,"59":1,"63":1,"64":1,"66":1,"84":1,"92":1,"96":1,"97":2,"98":1,"99":1,"102":8,"103":7,"104":7,"105":15,"106":7,"107":7,"108":4,"109":7,"110":12,"111":13,"112":7,"113":11,"114":13,"115":10,"116":16,"117":12,"118":6,"119":21,"120":18,"121":13,"122":19,"123":18,"124":16,"125":18,"126":13,"127":9,"128":8,"129":20,"130":16,"131":22,"132":22,"133":18,"134":22,"135":14,"136":16,"137":23,"138":15,"139":20,"140":20,"141":19,"142":24,"143":18,"144":17,"145":14,"146":14,"147":22,"148":20,"149":21,"150":14,"151":29,"152":22,"153":27,"154":35,"155":29,"156":27,"157":25,"158":24,"159":27,"160":15,"161":34,"162":20,"163":18,"164":30,"165":27,"166":26,"167":33,"168":28,"169":26,"170":42,"171":36,"172":38,"173":33,"174":48,"175":33,"176":38,"177":33,"178":38,"179":33,"180":31,"181":38,"182":42,"183":46,"184":43,"185":44,"186":35,"187":37,"188":36,"189":52,"190":42,"191":55,"192":45,"193":58,"194":57,"195":60,"196":47,"197":49,"198":43,"199":38,"200":48,"201":57,"202":59,"203":69,"204":71,"205":55,"206":56,"207":64,"208":68,"209":68,"210":70,"211":78,"212":69,"213":75,"214":71,"215":88,"216":80,"217":68,"218":83,"219":90,"220":81,"221":89,"222":84,"223":83,"224":90,"225":86,"226":93,"227":117,"228":90,"229":106,"230":126,"231":104,"232":106,"233":127,"234":119,"235":124,"236":119,"237":138,"238":134,"239":116,"240":141,"241":135,"242":130,"243":135,"244":139,"245":137,"246":139,"247":145,"248":159,"249":162,"250":143,"251":155,"252":179,"253":202,"254":183,"255":186,"256":196,"257":172,"258":190,"259":188,"260":174,"261":200,"262":206,"263":215,"264":205,"265":190,"266":223,"267":222,"268":197,"269":203,"270":209,"271":225,"272":224,"273":208,"274":214,"275":257,"276":236,"277":250,"278":232,"279":249,"280":264,"281":246,"282":264,"283":258,"284":269,"285":271,"286":267,"287":282,"288":270,"289":262,"290":260,"291":246,"292":285,"293":311,"294":309,"295":313,"296":294,"297":293,"298":291,"299":300,"300":293,"301":306,"302":316,"303":304,"304":327,"305":316,"306":333,"307":290,"308":302,"309":288,"310":323,"311":310,"312":312,"313":298,"314":337,"315":339,"316":301,"317":311,"318":307,"319":299,"320":303,"321":345,"322":296,"323":316,"324":313,"325":307,"326":298,"327":291,"328":308,"329":301,"330":285,"331":271,"332":289,"333":309,"334":289,"335":293,"336":286,"337":292,"338":290,"339":275,"340":279,"341":287,"342":276,"343":296,"344":258,"345":258,"346":244,"347":275,"348":284,"349":252,"350":254,"351":265,"352":263,"353":250,"354":274,"355":248,"356":242,"357":259,"358":242,"359":251,"360":221,"361":256,"362":216,"363":246,"364":225,"365":225,"366":226,"367":193,"368":230,"369":215,"370":206,"371":199,"372":213,"373":196,"374":207,"375":201,"376":178,"377":188,"378":161,"379":155,"380":203,"381":161,"382":176,"383":146,"384":166,"385":166,"386":200,"387":186,"388":147,"389":164,"390":140,"391":134,"392":142,"393":150,"394":147,"395":146,"396":131,"397":128,"398":144,"399":136,"400":123,"401":129,"402":122,"403":131,"404":127,"405":121,"406":102,"407":117,"408":118,"409":111,"410":96,"411":99,"412":97,"413":111,"414":87,"415":107,"416":84,"417":66,"418":89,"419":93,"420":83,"421":82,"422":80,"423":71,"424":77,"425":93,"426":74,"427":86,"428":76,"429":76,"430":68,"431":67,"432":60,"433":75,"434":65,"435":67,"436":93,"437":70,"438":56,"439":56,"440":66,"441":54,"442":43,"443":50,"444":53,"445":33,"446":57,"447":46,"448":47,"449":43,"450":39,"451":39,"452":35,"453":48,"454":53,"455":25,"456":29,"457":41,"458":25,"459":37,"460":43,"461":45,"462":39,"463":36,"464":38,"465":36,"466":39,"467":22,"468":25,"469":32,"470":14,"471":20,"472":22,"473":21,"474":25,"475":19,"476":31,"477":20,"478":25,"479":21,"480":20,"481":23,"482":19,"483":18,"484":16,"485":19,"486":17,"487":16,"488":11,"489":16,"490":18,"491":18,"492":9,"493":12,"494":7,"495":16,"496":14,"497":15,"498":15,"499":9,"500":12,"501":4,"502":8,"503":9,"504":9,"505":10,"506":10,"507":10,"508":11,"509":4,"510":10,"511":6,"512":9,"513":12,"514":8,"515":10,"516":4,"517":6,"518":10,"519":7,"520":9,"521":5,"522":12,"523":8,"524":7,"525":9,"526":7,"527":9,"528":6,"529":2,"530":3,"531":3,"532":4,"533":6,"534":4,"535":3,"536":2,"537":7,"538":4,"539":3,"540":3,"541":5,"542":3,"543":2,"544":1,"545":2,"546":2,"547":5,"548":3,"549":2,"550":4,"551":2,"552":6,"553":4,"554":5,"555":4,"556":2,"557":7,"558":6,"559":3,"560":3,"562":3,"563":2,"564":4,"565":2,"566":3,"569":4,"570":1,"571":1,"573":2,"575":2,"577":3,"578":2,"579":2,"580":1,"581":2,"582":5,"584":2,"585":5,"586":2,"587":3,"588":1,"589":2,"590":2,"593":1,"594":1,"595":1,"596":2,"597":2,"598":2,"600":1,"601":3,"602":3,"603":1,"606":1,"608":4,"610":1,"613":2,"614":1,"615":1,"618":2,"619":1,"622":1,"623":1,"629":1,"630":2,"631":1,"634":1,"635":1,"636":1,"639":1,"640":2,"647":2,"648":1,"650":2,"653":2,"654":1,"667":1,"670":1,"671":1,"674":1,"676":1,"685":1,"687":2,"691":1,"694":2,"708":1,"731":1,"749":1,"756":1,"757":1,"766":1,"770":1,"771":1,"773":1,"775":1,"777":1,"783":1,"789":1,"791":1,"805":1,"858":1,"866":1,"886":1,"935":1,"953":1,"1044":1,"1217":1,"1465":2,"2694":1,"165584":1,"165777":1,"460741":1,"7250507":1,"19194565":1,"29112115":1,"43381497":1,"73977708":1,"102081915":1,"-100":5,"-99":3,"-98":5,"-97":3,"-96":2,"-95":2,"-94":2,"-93":1,"-92":2,"-91":3,"-90":2,"-89":2,"-87":2,"-85":5,"-84":1,"-83":2,"-82":1,