{
	"statistics": {
		"mapped_reads": 99930,
		"mapped_reads_percentage": 0.9981,
		"forward_strands": 50205,
		"forward_strands_percentage": 0.5014,
		"proper_pairs": 98949,
		"proper_pairs_percentage": 0.9883,
		"singletons": 193,
		"singletons_percentage": 0.001928,
		"both_mates_mapped": 99737,
		"both_mates_mapped_percentage": 0.9962,
		"duplicates": 403,
		"duplicates_percentage": 0.004025,
		"failed_qc": 0,
		"first_mates": 50084,
		"last_read_position": 122091476,
		"paired_end_reads": 100120,
		"reverse_strands": 49915,
		"second_mates": 50036,
		"total_reads": 100120
	},
	"histograms": {
		"coverage_hist": {
			"0": 0.0002263860883116336,
			"1": 0.000026323963757166698,
			"2": 0.000015794378254300018,
			"3": 0.00005791272026576674,
			"4": 0.00004211834201146672,
			"5": 0.00016847336804586688,
			"6": 0.00019479733180303356,
			"7": 0.00002105917100573336,
			"8": 0.00008423668402293344,
			"9": 0.00007370709852006676,
			"10": 0.00013688461153726683,
			"11": 0.00013688461153726683,
			"12": 0.00003685354926003338,
			"13": 0.00009476626952580012,
			"14": 0.00001052958550286668,
			"15": 0.00011582544053153348,
			"16": 0.000052647927514333396,
			"17": 0.00010003106227723345,
			"18": 0.00006317751301720007,
			"19": 0.00004211834201146672,
			"20": 0.00004211834201146672,
			"21": 0.00006844230576863341,
			"22": 0.00017373816079730022,
			"23": 0.00016847336804586688,
			"24": 0.00030009318683170037,
			"25": 0.00041591862736323383,
			"26": 0.0006159807519177008,
			"27": 0.0006370399229234341,
			"28": 0.0005791272026576674,
			"29": 0.0007844541199635676,
			"30": 0.0012003727473268015,
			"31": 0.0014109644573841351,
			"32": 0.0022480665048620362,
			"33": 0.0028745768422826037,
			"34": 0.004196039822892372,
			"35": 0.005117378554393206,
			"36": 0.006523078219025908,
			"37": 0.007728715759104143,
			"38": 0.009171268972996877,
			"39": 0.011914225996493649,
			"40": 0.014167557294107118,
			"41": 0.017426464007244354,
			"42": 0.021048641420230493,
			"43": 0.024312812926119164,
			"44": 0.0278560184478338,
			"45": 0.031383429591294136,
			"46": 0.03501613658978314,
			"47": 0.037727504856771316,
			"48": 0.04129176954949169,
			"49": 0.04169715859135205,
			"50": 0.042913325716933154,
			"51": 0.045140333050789454,
			"52": 0.04591952237800159,
			"53": 0.04629858745610479,
			"54": 0.04457173543363466,
			"55": 0.04347139374858509,
			"56": 0.04052310980778242,
			"57": 0.037459000426448216,
			"58": 0.03608488951832411,
			"59": 0.03400529638150794,
			"60": 0.03195729200120037,
			"61": 0.029340690003738002,
			"62": 0.026108107254357932,
			"63": 0.023291443132341095,
			"64": 0.01936917253252326,
			"65": 0.01665780426553509,
			"66": 0.013883258485529718,
			"67": 0.011335098793835981,
			"68": 0.009808308895920312,
			"69": 0.00822887107049031,
			"70": 0.0072706787897294425,
			"71": 0.006691551587071775,
			"72": 0.005333235057201974,
			"73": 0.004864668502324406,
			"74": 0.003780121195529138,
			"75": 0.003316819433403004,
			"76": 0.002495511764179403,
			"77": 0.0017900295354873355,
			"78": 0.0016689393022043687,
			"79": 0.001100341685049568,
			"80": 0.0010476937575352346,
			"81": 0.000852896425732201,
			"82": 0.0004633017621261339,
			"83": 0.00041591862736323383,
			"84": 0.0003685354926003338,
			"85": 0.00033694673609173376,
			"86": 0.0002527100520688003,
			"87": 0.0002000621245544669,
			"88": 0.00015267898979156685,
			"89": 0.00015267898979156685,
			"90": 0.00018953253905160025,
			"91": 0.00012109023328296682,
			"92": 0.00011056064778010013,
			"93": 0.00004211834201146672,
			"94": 0.00004211834201146672,
			"95": 0.00005791272026576674,
			"96": 0.00004738313476290006,
			"97": 0.00005791272026576674,
			"98": 0.00008950147677436678,
			"99": 0.00009476626952580012,
			"100": 0.00004211834201146672,
			"101": 0.00002105917100573336,
			"102": 0.00003685354926003338,
			"103": 0.000026323963757166698,
			"104": 0.00004738313476290006,
			"105": 0.00004738313476290006,
			"106": 0.000031588756508600036,
			"107": 0.00001052958550286668,
			"108": 0.000015794378254300018,
			"109": 0.00004738313476290006,
			"110": 0.00004211834201146672,
			"111": 0.00001052958550286668,
			"112": 0.00001052958550286668,
			"115": 0.00000526479275143334,
			"116": 0.00001052958550286668,
			"117": 0.00000526479275143334,
			"118": 0.00000526479275143334,
			"119": 0.00000526479275143334,
			"120": 0.00000526479275143334
		},
		"frag_hist": {
			"1": 17,
			"54": 1,
			"58": 1,
			"64": 1,
			"69": 1,
			"72": 1,
			"73": 1,
			"80": 1,
			"81": 2,
			"82": 1,
			"84": 2,
			"90": 1,
			"92": 1,
			"93": 1,
			"96": 1,
			"97": 1,
			"98": 3,
			"99": 2,
			"102": 13,
			"103": 9,
			"104": 12,
			"105": 16,
			"106": 14,
			"107": 9,
			"108": 10,
			"109": 13,
			"110": 11,
			"111": 7,
			"112": 10,
			"113": 11,
			"114": 16,
			"115": 11,
			"116": 8,
			"117": 7,
			"118": 13,
			"119": 14,
			"120": 14,
			"121": 14,
			"122": 20,
			"123": 13,
			"124": 12,
			"125": 11,
			"126": 12,
			"127": 12,
			"128": 12,
			"129": 9,
			"130": 16,
			"131": 10,
			"132": 14,
			"133": 22,
			"134": 21,
			"135": 12,
			"136": 19,
			"137": 22,
			"138": 17,
			"139": 24,
			"140": 14,
			"141": 20,
			"142": 20,
			"143": 12,
			"144": 30,
			"145": 19,
			"146": 16,
			"147": 26,
			"148": 26,
			"149": 22,
			"150": 23,
			"151": 23,
			"152": 27,
			"153": 22,
			"154": 17,
			"155": 33,
			"156": 26,
			"157": 25,
			"158": 24,
			"159": 25,
			"160": 22,
			"161": 31,
			"162": 23,
			"163": 28,
			"164": 24,
			"165": 22,
			"166": 23,
			"167": 24,
			"168": 39,
			"169": 39,
			"170": 30,
			"171": 34,
			"172": 22,
			"173": 22,
			"174": 28,
			"175": 35,
			"176": 34,
			"177": 32,
			"178": 36,
			"179": 39,
			"180": 45,
			"181": 27,
			"182": 39,
			"183": 44,
			"184": 35,
			"185": 33,
			"186": 45,
			"187": 41,
			"188": 31,
			"189": 40,
			"190": 40,
			"191": 48,
			"192": 46,
			"193": 48,
			"194": 46,
			"195": 50,
			"196": 55,
			"197": 43,
			"198": 52,
			"199": 55,
			"200": 55,
			"201": 51,
			"202": 58,
			"203": 51,
			"204": 50,
			"205": 64,
			"206": 55,
			"207": 58,
			"208": 61,
			"209": 54,
			"210": 52,
			"211": 76,
			"212": 86,
			"213": 78,
			"214": 72,
			"215": 81,
			"216": 78,
			"217": 69,
			"218": 79,
			"219": 85,
			"220": 86,
			"221": 86,
			"222": 78,
			"223": 92,
			"224": 85,
			"225": 87,
			"226": 91,
			"227": 93,
			"228": 110,
			"229": 99,
			"230": 95,
			"231": 102,
			"232": 107,
			"233": 109,
			"234": 119,
			"235": 132,
			"236": 106,
			"237": 123,
			"238": 128,
			"239": 138,
			"240": 114,
			"241": 126,
			"242": 130,
			"243": 142,
			"244": 132,
			"245": 148,
			"246": 154,
			"247": 142,
			"248": 151,
			"249": 157,
			"250": 144,
			"251": 151,
			"252": 158,
			"253": 156,
			"254": 172,
			"255": 161,
			"256": 175,
			"257": 178,
			"258": 172,
			"259": 181,
			"260": 169,
			"261": 199,
			"262": 199,
			"263": 200,
			"264": 210,
			"265": 189,
			"266": 195,
			"267": 208,
			"268": 221,
			"269": 207,
			"270": 206,
			"271": 239,
			"272": 234,
			"273": 229,
			"274": 258,
			"275": 235,
			"276": 231,
			"277": 221,
			"278": 230,
			"279": 235,
			"280": 242,
			"281": 252,
			"282": 251,
			"283": 258,
			"284": 266,
			"285": 295,
			"286": 271,
			"287": 270,
			"288": 273,
			"289": 271,
			"290": 277,
			"291": 293,
			"292": 279,
			"293": 253,
			"294": 291,
			"295": 280,
			"296": 274,
			"297": 288,
			"298": 302,
			"299": 311,
			"300": 303,
			"301": 302,
			"302": 311,
			"303": 303,
			"304": 305,
			"305": 309,
			"306": 317,
			"307": 285,
			"308": 289,
			"309": 308,
			"310": 302,
			"311": 303,
			"312": 302,
			"313": 304,
			"314": 278,
			"315": 327,
			"316": 299,
			"317": 327,
			"318": 297,
			"319": 316,
			"320": 284,
			"321": 322,
			"322": 315,
			"323": 303,
			"324": 321,
			"325": 311,
			"326": 328,
			"327": 342,
			"328": 313,
			"329": 290,
			"330": 303,
			"331": 324,