{
	"statistics": {
		"mapped_reads": 101387,
		"mapped_reads_percentage": 0.9977,
		"forward_strands": 50893,
		"forward_strands_percentage": 0.5008,
		"proper_pairs": 100153,
		"proper_pairs_percentage": 0.9856,
		"singletons": 237,
		"singletons_percentage": 0.002332,
		"both_mates_mapped": 101150,
		"both_mates_mapped_percentage": 0.9954,
		"duplicates": 417,
		"duplicates_percentage": 0.004104,
		"failed_qc": 0,
		"first_mates": 50783,
		"last_read_position": 40870359,
		"paired_end_reads": 101617,
		"reverse_strands": 50724,
		"second_mates": 50834,
		"total_reads": 101617
	},
	"latestUpdate": {
		"both_mates_mapped": 101150,
		"duplicates": 417,
		"failed_qc": 0,
		"first_mates": 50783,
		"forward_strands": 50893,
		"last_read_position": 40870359,
		"mapped_reads": 101387,
		"paired_end_reads": 101617,
		"proper_pairs": 100153,
		"reverse_strands": 50724,
		"second_mates": 50834,
		"singletons": 237,
		"total_reads": 101617,
		"mapq_hist": {
			"0": 15123,
			"1": 103,
			"2": 8,
			"3": 122,
			"4": 8,
			"5": 6,
			"6": 24,
			"7": 77,
			"8": 39,
			"9": 76,
			"10": 36,
			"11": 9,
			"12": 20,
			"13": 94,
			"14": 5,
			"15": 32,
			"16": 10,
			"17": 3,
			"18": 18,
			"19": 123,
			"20": 7,
			"21": 42,
			"22": 34,
			"23": 54,
			"24": 125,
			"25": 1653,
			"26": 6,
			"27": 963,
			"28": 1,
			"29": 1,
			"30": 34,
			"31": 20,
			"32": 8,
			"33": 32,
			"34": 8,
			"35": 9,
			"36": 23,
			"37": 56,
			"38": 15,
			"39": 81,
			"40": 937,
			"41": 15,
			"42": 38,
			"43": 25,
			"44": 39,
			"45": 64,
			"46": 32,
			"47": 79,
			"48": 113,
			"49": 102,
			"50": 176,
			"51": 29,
			"52": 46,
			"53": 23,
			"54": 28,
			"55": 71,
			"56": 24,
			"57": 56,
			"58": 27,
			"59": 27,
			"60": 80490,
			"70": 68
		},
		"baseq_hist": {
			"2": 10667,
			"3": 732,
			"4": 3626,
			"5": 26039,
			"6": 12676,
			"7": 17401,
			"8": 19378,
			"9": 16995,
			"10": 16943,
			"11": 20482,
			"12": 18097,
			"13": 13193,
			"14": 9993,
			"15": 9130,
			"16": 12000,
			"17": 16130,
			"18": 21379,
			"19": 23180,
			"20": 23746,
			"21": 22344,
			"22": 21762,
			"23": 23280,
			"24": 28390,
			"25": 38799,
			"26": 50801,
			"27": 63972,
			"28": 89048,
			"29": 125241,
			"30": 181680,
			"31": 274215,
			"32": 549067,
			"33": 911598,
			"34": 1150287,
			"35": 1423889,
			"36": 1829593,
			"37": 1231023,
			"38": 720871,
			"39": 460039,
			"40": 367517,
			"41": 296706,
			"42": 96003,
			"43": 7620,
			"44": 577
		},
		"frag_hist": {
			"1": 15,
			"29": 1,
			"37": 1,
			"61": 1,
			"68": 1,
			"70": 1,
			"91": 1,
			"93": 2,
			"94": 2,
			"96": 1,
			"97": 1,
			"100": 1,
			"101": 2,
			"102": 9,
			"103": 10,
			"104": 10,
			"105": 9,
			"106": 13,
			"107": 16,
			"108": 12,
			"109": 9,
			"110": 11,
			"111": 13,
			"112": 5,
			"113": 17,
			"114": 10,
			"115": 14,
			"116": 17,
			"117": 10,
			"118": 12,
			"119": 15,
			"120": 11,
			"121": 13,
			"122": 16,
			"123": 13,
			"124": 12,
			"125": 14,
			"126": 19,
			"127": 12,
			"128": 16,
			"129": 20,
			"130": 10,
			"131": 17,
			"132": 14,
			"133": 19,
			"134": 13,
			"135": 11,
			"136": 16,
			"137": 18,
			"138": 15,
			"139": 16,
			"140": 18,
			"141": 13,
			"142": 24,
			"143": 25,
			"144": 11,
			"145": 21,
			"146": 24,
			"147": 18,
			"148": 22,
			"149": 20,
			"150": 25,
			"151": 16,
			"152": 30,
			"153": 22,
			"154": 25,
			"155": 26,
			"156": 29,
			"157": 28,
			"158": 24,
			"159": 23,
			"160": 26,
			"161": 23,
			"162": 25,
			"163": 25,
			"164": 29,
			"165": 32,
			"166": 35,
			"167": 34,
			"168": 27,
			"169": 32,
			"170": 34,
			"171": 36,
			"172": 35,
			"173": 27,
			"174": 36,
			"175": 39,
			"176": 32,
			"177": 45,
			"178": 36,
			"179": 35,
			"180": 31,
			"181": 47,
			"182": 38,
			"183": 48,
			"184": 43,
			"185": 35,
			"186": 48,
			"187": 51,
			"188": 37,
			"189": 42,
			"190": 47,
			"191": 56,
			"192": 51,
			"193": 47,
			"194": 53,
			"195": 31,
			"196": 42,
			"197": 68,
			"198": 50,
			"199": 49,
			"200": 61,
			"201": 63,
			"202": 64,
			"203": 50,
			"204": 59,
			"205": 57,
			"206": 73,
			"207": 58,
			"208": 69,
			"209": 65,
			"210": 54,
			"211": 69,
			"212": 69,
			"213": 58,
			"214": 70,
			"215": 90,
			"216": 77,
			"217": 67,
			"218": 78,
			"219": 91,
			"220": 76,
			"221": 68,
			"222": 88,
			"223": 84,
			"224": 91,
			"225": 94,
			"226": 92,
			"227": 102,
			"228": 102,
			"229": 120,
			"230": 113,
			"231": 116,
			"232": 111,
			"233": 108,
			"234": 114,
			"235": 117,
			"236": 117,
			"237": 114,
			"238": 102,
			"239": 116,
			"240": 108,
			"241": 119,
			"242": 120,
			"243": 139,
			"244": 131,
			"245": 145,
			"246": 141,
			"247": 122,
			"248": 154,
			"249": 157,
			"250": 159,
			"251": 154,
			"252": 174,
			"253": 167,
			"254": 174,
			"255": 176,
			"256": 180,
			"257": 189,
			"258": 173,
			"259": 199,
			"260": 163,
			"261": 192,
			"262": 181,
			"263": 171,
			"264": 213,
			"265": 214,
			"266": 199,
			"267": 217,
			"268": 214,
			"269": 207,
			"270": 207,
			"271": 229,
			"272": 224,
			"273": 228,
			"274": 234,
			"275": 213,
			"276": 259,
			"277": 254,
			"278": 231,
			"279": 238,
			"280": 254,
			"281": 231,
			"282": 245,
			"283": 273,
			"284": 246,
			"285": 282,
			"286": 269,
			"287": 268,
			"288": 283,
			"289": 293,
			"290": 290,
			"291": 268,
			"292": 290,
			"293": 281,
			"294": 317,
			"295": 285,
			"296": 275,
			"297": 292,
			"298": 269,
			"299": 259,
			"300": 305,
			"301": 342,
			"302": 301,
			"303": 309,
			"304": 309,
			"305": 317,
			"306": 306,
			"307": 340,
			"308": 308,
			"309": 343,
			"310": 348,
			"311": 336,
			"312": 309,
			"313": 281,
			"314": 301,
			"315": 323,
			"316": 304,
			"317": 319,
			"318": 268,
			"319": 325,
			"320": 317,
			"321": 304,
			"322": 310,
			"323": 295,
			"324": 321,
			"325": 324,
			"326": 344,
			"327": 304,
			"328": 302,
			"329": 332,
			"330": 332,
			"331": 303,
			"332": 301,
			"333": 270,
			"334": 293,
			"335": 323,
			"336": 279,
			"337": 295,
			"338": 300,
			"339": 295,
			"340": 315,
			"341": 297,
			"342": 281,
			"343": 271,
			"344": 297,
			"345": 274,
			"346": 276,
			"347": 266,
			"348": 281,
			"349": 267,
			"350": 259,
			"351": 263,
			"352": 285,
			"353": 270,
			"354": 231,
			"355": 257,
			"356": 253,
			"357": 266,
			"358": 227,
			"359": 251,
			"360": 232,
			"361": 219,
			"362": 225,
			"363": 228,
			"364": 225,
			"365": 205,
			"366": 203,
			"367": 217,
			"368": 208,
			"369": 226,
			"370": 211,
			"371": 202,
			"372": 197,
			"373": 198,
			"374": 209,
			"375": 178,
			"376": 216,
			"377": 203,
			"378": 189,
			"379": 170,
			"380": 191,
			"381": 179,
			"382": 187,
			"383": 179,
			"384": 188,
			"385": 184,
			"386": 166,
			"387": 170,
			"388": 166,
			"389": 159,
			"390": 159,
			"391": 142,
			"392": 146,
			"393": 157,
			"394": 131,
			"395": 139,
			"396": 126,
			"397": 147,
			"398": 132,
			"399": 145,
			"400": 109,
			"401": 133,
			"402": 125,
			"403": 125,
			"404": 124,
			"405": 108,
			"406": 131,
			"407": 102,
			"408": 145,
			"409": 98,
			"410": 115,
			"411": 87,
			"412": 126,
			"413": 94,
			"414": 103,
			"415": 97,
			"416": 96,
			"417": 103,
			"418": 93,
			"419": 81,
			"420": 89,
			"421": 82,
			"422": 86,
			"423": 87,
			"424": 93,
			"425": 69,
			"426": 73,
			"427": 76,
			"428": 64,
			"429": 70,
			"430": 79,
			"431": 74,
			"432": 60,
			"433": 76,
			"434": 58,
			"435": 64,
			"436": 60,
			"437": 60,
			"438": 63,
			"439": 57,
			"440": 60,
			"441": 53,
			"442": 58,
			"443": 50,
			"444": 47,
			"445": 48,
			"446": 47,
			"447": 41,
			"448": 45,
			"449": 31,
			"450": 49,
			"451": 51,
			"452": 42,
			"453": 39,
			"454": 37,
			"455": 34,
			"456": 56,
			"457": 32,
			"458": 39,
			"459": 36,
			"460": 36,
			"461": 27,
			"462": 41,
			"463": 35,
			"464": 48,
			"465": 34,
			"466": 26,
			"467": 26,
			"468": 29,
			"469": 28,
			"470": 33,