{
	"statistics": {
		"mapped_reads": 94474,
		"mapped_reads_percentage": 0.997,
		"forward_strands": 47414,
		"forward_strands_percentage": 0.5004,
		"proper_pairs": 93274,
		"proper_pairs_percentage": 0.9844,
		"singletons": 285,
		"singletons_percentage": 0.003008,
		"both_mates_mapped": 94189,
		"both_mates_mapped_percentage": 0.994,
		"duplicates": 369,
		"duplicates_percentage": 0.003894,
		"failed_qc": 0,
		"first_mates": 47428,
		"last_read_position": 20093232,
		"paired_end_reads": 94754,
		"reverse_strands": 47340,
		"second_mates": 47326,
		"total_reads": 94754
	},
	"histograms": {
		"coverage_hist": {
			"0": 0.001279277287300409,
			"1": 0.0012582192249580154,
			"2": 0.001010786992434891,
			"3": 0.0011266063353180557,
			"4": 0.0009318192586509152,
			"5": 0.0011213418197324574,
			"6": 0.0009318192586509152,
			"7": 0.0006791225105421925,
			"8": 0.0006370063858574053,
			"9": 0.0005317160741454375,
			"10": 0.0008528515248669394,
			"11": 0.000605419292343815,
			"12": 0.0006370063858574053,
			"13": 0.0004106322156766745,
			"14": 0.000821264431353349,
			"15": 0.0004948644650462488,
			"16": 0.0007212386352269795,
			"17": 0.0007738837910829635,
			"18": 0.0008528515248669394,
			"19": 0.0012898063184716058,
			"20": 0.0013161288963995977,
			"21": 0.0011687224600028428,
			"22": 0.0017267611120762724,
			"23": 0.0022900642797353,
			"24": 0.0026322577927991955,
			"25": 0.0027006964954119747,
			"26": 0.002542761027844023,
			"27": 0.002669109401898384,
			"28": 0.0032797932098277975,
			"29": 0.0035166964111797254,
			"30": 0.0028638964785655248,
			"31": 0.003511431895594127,
			"32": 0.004643302746497781,
			"33": 0.005601444583076688,
			"34": 0.006986012182089065,
			"35": 0.008412695905786229,
			"36": 0.010149986049033699,
			"37": 0.01256639870282336,
			"38": 0.015077572637153792,
			"39": 0.017004385341482804,
			"40": 0.01943659154202926,
			"41": 0.02188459128933251,
			"42": 0.025406552216097836,
			"43": 0.02914962279745829,
			"44": 0.03004459044701002,
			"45": 0.03443519644539908,
			"46": 0.037051660691441474,
			"47": 0.04014719585577333,
			"48": 0.0409052861000995,
			"49": 0.042184563387399905,
			"50": 0.0428636858979421,
			"51": 0.0435375438928987,
			"52": 0.04197398276397597,
			"53": 0.04071049902343236,
			"54": 0.03866260246063458,
			"55": 0.03740438323567657,
			"56": 0.03576185437296987,
			"57": 0.032150396681249374,
			"58": 0.029755042089802106,
			"59": 0.025869829587630493,
			"60": 0.022984875046722576,
			"61": 0.020994888155366383,
			"62": 0.018283662628783212,
			"63": 0.01757295302472743,
			"64": 0.015677727413912008,
			"65": 0.014014140488862917,
			"66": 0.012113650362461897,
			"67": 0.009892024785339378,
			"68": 0.008997057135787651,
			"69": 0.007538786318576896,
			"70": 0.006443767076772431,
			"71": 0.005090786571273645,
			"72": 0.004016825391811573,
			"73": 0.003258735147485404,
			"74": 0.0028481029318087295,
			"75": 0.002074219140725766,
			"76": 0.0014635353327963527,
			"77": 0.001116077304146859,
			"78": 0.0011529289132460477,
			"79": 0.000984464414506899,
			"80": 0.0008686450716237345,
			"81": 0.0008054708845965539,
			"82": 0.0007159741196413812,
			"83": 0.0004158967312622729,
			"84": 0.0005053934962174455,
			"85": 0.00045274834036146167,
			"86": 0.000484335433875052,
			"87": 0.00039483866891987934,
			"88": 0.000336928997478297,
			"89": 0.0003158709351359035,
			"90": 0.00016319998315355013,
			"91": 0.00021584513900953404,
			"92": 0.000121083858468763,
			"93": 0.00017372901432474692,
			"94": 0.00014740643639675496,
			"95": 0.00008949676495517265,
			"96": 0.000057909671441582304,
			"97": 0.000026322577927991955,
			"98": 0.000031587093513590346,
			"99": 0.000010529031171196782,
			"100": 0.000010529031171196782,
			"102": 0.000015793546756795173,
			"103": 0.000026322577927991955,
			"104": 0.00004738064027038552,
			"105": 0.000026322577927991955,
			"106": 0.00003685160909918874,
			"107": 0.000015793546756795173,
			"108": 0.000005264515585598391
		},
		"frag_hist": {
			"1": 10,
			"60": 1,
			"64": 1,
			"66": 1,
			"76": 1,
			"78": 1,
			"83": 1,
			"84": 1,
			"87": 1,
			"90": 1,
			"92": 1,
			"97": 2,
			"98": 1,
			"99": 1,
			"100": 1,
			"101": 1,
			"102": 11,
			"103": 6,
			"104": 9,
			"105": 4,
			"106": 7,
			"107": 8,
			"108": 5,
			"109": 11,
			"110": 9,
			"111": 15,
			"112": 15,
			"113": 8,
			"114": 13,
			"115": 9,
			"116": 7,
			"117": 16,
			"118": 11,
			"119": 13,
			"120": 18,
			"121": 16,
			"122": 8,
			"123": 7,
			"124": 24,
			"125": 9,
			"126": 18,
			"127": 13,
			"128": 12,
			"129": 16,
			"130": 20,
			"131": 17,
			"132": 19,
			"133": 11,
			"134": 15,
			"135": 17,
			"136": 19,
			"137": 15,
			"138": 14,
			"139": 22,
			"140": 22,
			"141": 18,
			"142": 13,
			"143": 11,
			"144": 21,
			"145": 16,
			"146": 27,
			"147": 19,
			"148": 20,
			"149": 17,
			"150": 30,
			"151": 19,
			"152": 31,
			"153": 27,
			"154": 22,
			"155": 20,
			"156": 26,
			"157": 19,
			"158": 27,
			"159": 23,
			"160": 19,
			"161": 20,
			"162": 34,
			"163": 27,
			"164": 24,
			"165": 29,
			"166": 21,
			"167": 33,
			"168": 20,
			"169": 30,
			"170": 33,
			"171": 21,
			"172": 34,
			"173": 23,
			"174": 27,
			"175": 32,
			"176": 37,
			"177": 32,
			"178": 29,
			"179": 29,
			"180": 29,
			"181": 39,
			"182": 26,
			"183": 38,
			"184": 37,
			"185": 27,
			"186": 33,
			"187": 36,
			"188": 37,
			"189": 47,
			"190": 33,
			"191": 48,
			"192": 39,
			"193": 45,
			"194": 47,
			"195": 49,
			"196": 43,
			"197": 36,
			"198": 59,
			"199": 40,
			"200": 52,
			"201": 52,
			"202": 48,
			"203": 73,
			"204": 51,
			"205": 54,
			"206": 59,
			"207": 72,
			"208": 53,
			"209": 54,
			"210": 60,
			"211": 56,
			"212": 70,
			"213": 70,
			"214": 71,
			"215": 73,
			"216": 81,
			"217": 69,
			"218": 80,
			"219": 85,
			"220": 67,
			"221": 66,
			"222": 77,
			"223": 78,
			"224": 82,
			"225": 96,
			"226": 80,
			"227": 96,
			"228": 76,
			"229": 77,
			"230": 96,
			"231": 100,
			"232": 86,
			"233": 93,
			"234": 100,
			"235": 84,
			"236": 89,
			"237": 100,
			"238": 107,
			"239": 107,
			"240": 108,
			"241": 120,
			"242": 115,
			"243": 115,
			"244": 116,
			"245": 125,
			"246": 136,
			"247": 111,
			"248": 157,
			"249": 148,
			"250": 132,
			"251": 161,
			"252": 146,
			"253": 142,
			"254": 143,
			"255": 174,
			"256": 143,
			"257": 138,
			"258": 152,
			"259": 160,
			"260": 159,
			"261": 188,
			"262": 177,
			"263": 193,
			"264": 202,
			"265": 187,
			"266": 207,
			"267": 187,
			"268": 209,
			"269": 198,
			"270": 190,
			"271": 210,
			"272": 214,
			"273": 190,
			"274": 208,
			"275": 210,
			"276": 230,
			"277": 217,
			"278": 227,
			"279": 222,
			"280": 259,
			"281": 241,
			"282": 238,
			"283": 235,
			"284": 261,
			"285": 246,
			"286": 254,
			"287": 275,
			"288": 230,
			"289": 248,
			"290": 255,
			"291": 248,
			"292": 244,
			"293": 251,
			"294": 274,
			"295": 261,
			"296": 280,
			"297": 257,
			"298": 283,
			"299": 287,
			"300": 263,
			"301": 265,
			"302": 282,
			"303": 307,
			"304": 253,
			"305": 268,
			"306": 308,
			"307": 290,
			"308": 288,
			"309": 303,
			"310": 277,
			"311": 296,
			"312": 293,
			"313": 303,
			"314": 304,
			"315": 261,
			"316": 278,
			"317": 294,
			"318": 270,
			"319": 297,
			"320": 285,
			"321": 291,
			"322": 272,
			"323": 281,
			"324": 295,
			"325": 300,
			"326": 300,
			"327": 281,
			"328": 275,
			"329": 303,
			"330": 287,
			"331": 268,
			"332": 316,
			"333": 253,
			"334": 289,
			"335": 284,
			"336": 275,
			"337": 274,
			"338": 285,
			"339": 293,
			"340": 266,
			"341": 270,
			"342": 266,
			"343": 247,
			"344": 270,
			"345": 249,
			"346": 244,
			"347": 250,
			"348": 250,
			"349": 242,
			"350": 258,
			"351": 249,
			"352": 288,
			"353": 221,
			"354": 257,
			"355": 254,
			"356": 236,
			"357": 241,
			"358": 253,
			"359": 226,
			"360": 263,
			"361": 200,